<?xml version="1.0" encoding="UTF-8"?>
<metadata xml:lang="en"><Esri><CreaDate>20240426</CreaDate><CreaTime>09480400</CreaTime><ArcGISFormat>1.0</ArcGISFormat><SyncOnce>TRUE</SyncOnce><DataProperties><lineage><Process ToolSource="c:\program files (x86)\arcgis\desktop10.8\ArcToolbox\Toolboxes\Spatial Analyst Tools.tbx\ExtractByMask" Date="20240426" Time="094804">ExtractByMask AP_17402_PLR_F6860_RT1.dem_EXT.tif Recorte "E:\COMPRA DE IMAGENS\IMAGENS\Alos\AP_17402_PLR_F6860_RT1.dem_EXT.tif"</Process></lineage></DataProperties></Esri></metadata>
