<?xml version="1.0" encoding="UTF-8"?>
<metadata xml:lang="en"><Esri><CreaDate>20240430</CreaDate><CreaTime>01212100</CreaTime><ArcGISFormat>1.0</ArcGISFormat><SyncOnce>TRUE</SyncOnce><DataProperties><lineage><Process ToolSource="c:\program files (x86)\arcgis\desktop10.8\ArcToolbox\Toolboxes\Spatial Analyst Tools.tbx\ExtractByMask" Date="20240430" Time="012121">ExtractByMask Vricon_20230427T091927Z_MOS_dtm.tif Recorte_imagens "E:\COMPRA DE IMAGENS\IMAGENS\Vricon\Vricon_20230427T091927Z_dtm.tif"</Process></lineage></DataProperties></Esri></metadata>
