<?xml version="1.0" encoding="UTF-8"?>
<metadata xml:lang="en"><Esri><CreaDate>20240602</CreaDate><CreaTime>16343700</CreaTime><ArcGISFormat>1.0</ArcGISFormat><SyncOnce>TRUE</SyncOnce><DataProperties><lineage><Process ToolSource="c:\program files (x86)\arcgis\desktop10.8\ArcToolbox\Toolboxes\Spatial Analyst Tools.tbx\Contour" Date="20240602" Time="163438">Contour TDM1_DEM__30_S17W058_DEM.tif "F:\COMPRA DE IMAGENS\IMAGENS\Tandem\Tandem_contornos_20_base90.shp" 20 90 1 CONTOUR #</Process></lineage></DataProperties></Esri><contour_type>CONTOUR</contour_type></metadata>
