<PAMDataset>
  <PAMRasterBand band="1">
    <Histograms>
      <HistItem>
        <HistMin>114.5718154907227</HistMin>
        <HistMax>134.3825836181641</HistMax>
        <BucketCount>256</BucketCount>
        <IncludeOutOfRange>1</IncludeOutOfRange>
        <Approximate>0</Approximate>
        <HistCounts>1|0|0|0|0|0|0|0|0|0|0|0|0|0|0|0|0|0|0|0|0|0|0|0|0|0|0|0|0|0|0|0|0|0|1|0|0|0|0|0|1|0|0|0|0|0|0|1|0|0|0|0|0|0|0|0|0|0|0|0|0|0|0|0|0|1|0|0|0|0|0|0|0|0|0|0|0|0|0|0|0|0|0|0|0|0|0|0|0|0|2|0|1|0|0|0|0|1|1|3|2|4|4|1|8|4|4|3|4|5|6|3|4|3|5|5|3|5|1|1|2|2|3|4|2|0|2|1|1|3|2|2|3|3|3|6|1|4|1|1|1|2|1|3|2|1|2|2|2|2|3|1|4|4|3|2|2|1|4|3|2|2|6|3|3|10|3|8|5|8|6|12|12|6|11|8|10|14|12|10|16|10|10|9|11|8|11|6|7|5|6|3|2|2|3|4|1|1|3|3|1|3|1|0|1|2|2|0|3|2|0|1|1|0|0|2|0|0|1|0|0|0|0|0|1|0|1|1|0|2|0|0|0|1|0|1|0|0|0|0|0|1|0|0|0|0|0|0|0|0|0|0|0|0|0|1</HistCounts>
      </HistItem>
    </Histograms>
    <Metadata>
      <MDI key="STATISTICS_EXCLUDEDVALUES"></MDI>
      <MDI key="STATISTICS_MAXIMUM">134.38258361816</MDI>
      <MDI key="STATISTICS_MEAN">126.95440812111</MDI>
      <MDI key="STATISTICS_MINIMUM">114.57181549072</MDI>
      <MDI key="STATISTICS_SKIPFACTORX">1</MDI>
      <MDI key="STATISTICS_SKIPFACTORY">1</MDI>
      <MDI key="STATISTICS_STDDEV">2.6471967451748</MDI>
    </Metadata>
  </PAMRasterBand>
</PAMDataset>
