<PAMDataset>
  <PAMRasterBand band="1">
    <Histograms>
      <HistItem>
        <HistMin>105.3479995727539</HistMin>
        <HistMax>128.4089965820313</HistMax>
        <BucketCount>256</BucketCount>
        <IncludeOutOfRange>1</IncludeOutOfRange>
        <Approximate>0</Approximate>
        <HistCounts>1|0|0|0|0|0|0|0|0|0|1|1|0|0|0|0|0|0|0|1|0|1|0|1|0|0|3|0|0|0|0|1|0|1|0|0|0|0|0|0|0|1|0|0|0|1|0|0|0|0|1|1|0|3|0|0|2|1|1|0|0|0|0|2|1|0|1|2|1|0|0|0|0|0|0|2|0|3|1|1|2|4|0|0|0|1|2|4|1|2|1|1|1|2|2|2|0|3|4|2|3|3|5|6|4|0|3|2|1|3|6|4|5|5|7|2|1|4|8|9|11|9|9|10|10|14|8|13|15|18|12|14|16|23|13|15|20|24|15|17|21|23|26|34|20|25|29|15|24|25|19|26|31|16|25|30|40|33|34|33|34|22|27|28|21|30|39|35|46|30|38|31|40|41|38|38|55|41|46|52|45|63|50|62|75|56|79|76|73|74|73|59|53|61|63|49|52|55|64|54|45|60|36|62|41|63|45|53|41|42|48|32|45|34|43|35|45|35|31|34|36|34|36|41|26|31|17|17|22|9|11|14|10|10|8|12|8|13|7|2|2|5|5|4|0|0|1|0|0|1|1|0|0|0|0|2</HistCounts>
      </HistItem>
    </Histograms>
    <Metadata>
      <MDI key="STATISTICS_EXCLUDEDVALUES"></MDI>
      <MDI key="STATISTICS_MAXIMUM">128.40899658203</MDI>
      <MDI key="STATISTICS_MEAN">121.70751804508</MDI>
      <MDI key="STATISTICS_MINIMUM">105.34799957275</MDI>
      <MDI key="STATISTICS_SKIPFACTORX">1</MDI>
      <MDI key="STATISTICS_SKIPFACTORY">1</MDI>
      <MDI key="STATISTICS_STDDEV">2.8985609541148</MDI>
    </Metadata>
  </PAMRasterBand>
</PAMDataset>
