<?xml version="1.0" encoding="UTF-8"?>
<metadata xml:lang="en"><Esri><CreaDate>20240430</CreaDate><CreaTime>02060600</CreaTime><ArcGISFormat>1.0</ArcGISFormat><SyncOnce>TRUE</SyncOnce><DataProperties><lineage><Process ToolSource="c:\program files (x86)\arcgis\desktop10.8\ArcToolbox\Toolboxes\3D Analyst Tools.tbx\Contour" Date="20240430" Time="020608">Contour "E:\COMPRA DE IMAGENS\IMAGENS\Topodata\16S585ZN_ext.tif" "E:\COMPRA DE IMAGENS\IMAGENS\Topodata\Topodata_contornos.shp" 1 0 1 CONTOUR #</Process></lineage></DataProperties></Esri><contour_type>CONTOUR</contour_type></metadata>
