<?xml version="1.0" encoding="UTF-8"?>
<metadata xml:lang="en"><Esri><CreaDate>20240426</CreaDate><CreaTime>09585700</CreaTime><ArcGISFormat>1.0</ArcGISFormat><SyncOnce>TRUE</SyncOnce><DataProperties><lineage><Process ToolSource="c:\program files (x86)\arcgis\desktop10.8\ArcToolbox\Toolboxes\Spatial Analyst Tools.tbx\ExtractByMask" Date="20240426" Time="095857">ExtractByMask NEXTMap6-Elevation-DSM-Native.tif Recorte "E:\COMPRA DE IMAGENS\IMAGENS\Next\NEXTMap6-Elevation-DSM-Native.tif"</Process></lineage></DataProperties></Esri></metadata>
