<?xml version="1.0" encoding="UTF-8"?>
<metadata xml:lang="en"><Esri><CreaDate>20240430</CreaDate><CreaTime>02014600</CreaTime><ArcGISFormat>1.0</ArcGISFormat><SyncOnce>TRUE</SyncOnce><DataProperties><lineage><Process ToolSource="c:\program files (x86)\arcgis\desktop10.8\ArcToolbox\Toolboxes\3D Analyst Tools.tbx\Contour" Date="20240430" Time="020149">Contour "E:\COMPRA DE IMAGENS\IMAGENS\Next\NEXTMap6-Elevation-DSM-Native.tif" "E:\COMPRA DE IMAGENS\IMAGENS\Next\NEXTMap6-Elevation-DSM-Native_contornos.shp" 1 0 1 CONTOUR #</Process></lineage></DataProperties></Esri><contour_type>CONTOUR</contour_type></metadata>
