<?xml version="1.0" encoding="UTF-8"?>
<metadata xml:lang="en"><Esri><CreaDate>20240426</CreaDate><CreaTime>09593500</CreaTime><ArcGISFormat>1.0</ArcGISFormat><SyncOnce>TRUE</SyncOnce><DataProperties><lineage><Process ToolSource="c:\program files (x86)\arcgis\desktop10.8\ArcToolbox\Toolboxes\Spatial Analyst Tools.tbx\ExtractByMask" Date="20240426" Time="095935">ExtractByMask NM6_DTM_Premium_Hydro.bil Recorte "E:\COMPRA DE IMAGENS\IMAGENS\Next\NM6_DTM_Premium_Hydro.tif"</Process></lineage></DataProperties></Esri></metadata>
