<?xml version="1.0" encoding="UTF-8"?>
<metadata xml:lang="en"><Esri><CreaDate>20240602</CreaDate><CreaTime>17245700</CreaTime><ArcGISFormat>1.0</ArcGISFormat><SyncOnce>TRUE</SyncOnce><DataProperties><lineage><Process ToolSource="c:\program files (x86)\arcgis\desktop10.8\ArcToolbox\Toolboxes\Spatial Analyst Tools.tbx\Contour" Date="20240602" Time="172501">Contour NM6_DTM_Premium_Hydro.tif "F:\COMPRA DE IMAGENS\IMAGENS\Next\NM6_DTM_Premium_Hydro_contornos_5.shp" 5 0 1 CONTOUR #</Process></lineage></DataProperties></Esri><contour_type>CONTOUR</contour_type></metadata>
