<?xml version="1.0" encoding="UTF-8"?>
<metadata xml:lang="en"><Esri><CreaDate>20240426</CreaDate><CreaTime>09425300</CreaTime><ArcGISFormat>1.0</ArcGISFormat><SyncOnce>TRUE</SyncOnce><DataProperties><lineage><Process ToolSource="c:\program files (x86)\arcgis\desktop10.8\ArcToolbox\Toolboxes\Spatial Analyst Tools.tbx\ExtractByMask" Date="20240426" Time="094253">ExtractByMask ALPSMLC30_S017W058_DSM.tif Recorte "E:\COMPRA DE IMAGENS\IMAGENS\AW3D\ALPSMLC30_S017W058_DSM.tif"</Process></lineage></DataProperties></Esri></metadata>
