<?xml version="1.0" encoding="UTF-8"?>
<metadata xml:lang="en"><Esri><CreaDate>20240430</CreaDate><CreaTime>01591200</CreaTime><ArcGISFormat>1.0</ArcGISFormat><SyncOnce>TRUE</SyncOnce><DataProperties><lineage><Process ToolSource="c:\program files (x86)\arcgis\desktop10.8\ArcToolbox\Toolboxes\3D Analyst Tools.tbx\Contour" Date="20240430" Time="015913">Contour "E:\COMPRA DE IMAGENS\IMAGENS\AW3D\ALPSMLC30_S017W058_DSM.tif" "E:\COMPRA DE IMAGENS\IMAGENS\AW3D\AW3D_contornos.shp" 1 0 1 CONTOUR #</Process></lineage></DataProperties></Esri><contour_type>CONTOUR</contour_type></metadata>
