<?xml version="1.0" encoding="UTF-8"?>
<metadata xml:lang="en"><Esri><CreaDate>20241027</CreaDate><CreaTime>22301600</CreaTime><ArcGISFormat>1.0</ArcGISFormat><SyncOnce>TRUE</SyncOnce><DataProperties><lineage><Process ToolSource="c:\program files (x86)\arcgis\desktop10.8\ArcToolbox\Toolboxes\Spatial Analyst Tools.tbx\ExtractByMask" Date="20241027" Time="223016">ExtractByMask fabdem_caceres_sirgas.tif Recorte_imagens "E:\COMPRA DE IMAGENS\IMAGENS\FABDEM\fabdem_caceres_sirgas_rec.tif"</Process></lineage></DataProperties></Esri></metadata>
