<PAMDataset>
  <PAMRasterBand band="1">
    <Histograms>
      <HistItem>
        <HistMin>112</HistMin>
        <HistMax>123.9700012207031</HistMax>
        <BucketCount>256</BucketCount>
        <IncludeOutOfRange>1</IncludeOutOfRange>
        <Approximate>0</Approximate>
        <HistCounts>713|0|0|0|0|0|0|0|0|0|0|0|0|0|0|0|0|0|0|0|0|0|0|2|0|13|22|9|5|18|12|11|14|20|21|26|25|24|27|18|21|24|24|14|23|28|29|47|81|73|60|42|40|31|26|15|15|17|29|21|7|10|18|12|11|5|10|6|8|11|6|5|3|4|6|6|2|7|2|9|4|16|9|8|4|14|5|14|7|4|3|5|2|6|3|4|4|0|2|3|5|1|5|5|16|21|14|19|26|68|38|24|40|37|38|55|70|51|61|81|53|73|78|59|99|115|73|129|118|92|129|130|78|69|67|52|59|50|45|57|58|34|47|47|36|31|23|6|13|14|15|10|8|7|10|11|1|7|3|8|4|5|1|2|4|3|1|1|1|3|2|3|1|1|1|1|2|1|0|0|2|0|1|1|0|0|0|0|1|0|2|0|0|0|0|0|1|0|0|0|0|0|0|0|0|0|0|0|1|0|0|0|0|1|0|0|0|0|1|0|0|0|0|0|0|0|0|0|0|0|0|0|0|0|0|0|0|0|0|0|0|0|0|0|0|0|0|0|2|0|2|0|1|1|0|2</HistCounts>
      </HistItem>
    </Histograms>
    <Metadata>
      <MDI key="STATISTICS_EXCLUDEDVALUES"></MDI>
      <MDI key="STATISTICS_MAXIMUM">123.9700012207</MDI>
      <MDI key="STATISTICS_MEAN">116.18453759634</MDI>
      <MDI key="STATISTICS_MINIMUM">112</MDI>
      <MDI key="STATISTICS_SKIPFACTORX">1</MDI>
      <MDI key="STATISTICS_SKIPFACTORY">1</MDI>
      <MDI key="STATISTICS_STDDEV">2.4263942478709</MDI>
    </Metadata>
  </PAMRasterBand>
</PAMDataset>
