<PAMDataset>
  <PAMRasterBand band="1">
    <Histograms>
      <HistItem>
        <HistMin>111.91</HistMin>
        <HistMax>123.76</HistMax>
        <BucketCount>256</BucketCount>
        <IncludeOutOfRange>1</IncludeOutOfRange>
        <Approximate>0</Approximate>
        <HistCounts>3|672|0|3|7|6|11|13|13|16|10|28|28|28|40|22|27|21|28|31|37|18|30|42|15|40|23|46|35|24|32|35|21|20|22|10|12|14|18|19|6|11|7|14|7|4|8|12|9|8|5|9|13|12|9|3|5|5|2|7|6|6|4|7|3|6|7|1|4|3|2|8|4|4|5|3|4|0|5|2|2|2|4|2|0|4|5|5|1|7|5|4|1|7|2|10|7|7|5|2|5|7|0|2|5|3|7|5|4|5|3|4|4|2|2|2|2|2|7|9|4|2|7|6|5|10|7|12|5|8|8|10|10|12|21|8|15|16|29|21|21|29|22|45|34|25|40|27|37|46|53|59|57|56|46|63|46|54|49|56|50|55|62|73|72|73|67|54|60|46|70|58|47|53|59|51|55|39|34|20|20|28|27|11|14|20|13|21|24|18|23|16|15|14|10|22|7|7|6|7|12|2|9|4|3|3|5|3|4|1|1|5|2|2|1|1|2|2|1|1|3|1|0|3|4|0|3|1|1|1|1|0|1|1|1|0|1|1|0|0|0|0|0|0|0|0|1|0|0|1|0|0|0|0|0|1</HistCounts>
      </HistItem>
    </Histograms>
    <Metadata>
      <MDI key="STATISTICS_EXCLUDEDVALUES"></MDI>
      <MDI key="STATISTICS_MAXIMUM">123.76</MDI>
      <MDI key="STATISTICS_MEAN">116.78785999114</MDI>
      <MDI key="STATISTICS_MINIMUM">111.91</MDI>
      <MDI key="STATISTICS_SKIPFACTORX">1</MDI>
      <MDI key="STATISTICS_SKIPFACTORY">1</MDI>
      <MDI key="STATISTICS_STDDEV">3.3403320954961</MDI>
    </Metadata>
  </PAMRasterBand>
</PAMDataset>
