<?xml version="1.0" encoding="UTF-8"?>
<metadata xml:lang="en"><Esri><CreaDate>20240430</CreaDate><CreaTime>01470900</CreaTime><ArcGISFormat>1.0</ArcGISFormat><SyncOnce>TRUE</SyncOnce><DataProperties><lineage><Process ToolSource="c:\program files (x86)\arcgis\desktop10.8\ArcToolbox\Toolboxes\Spatial Analyst Tools.tbx\ExtractByMask" Date="20240430" Time="014709">ExtractByMask s17_w058_1arc_v3.tif Recorte_imagens "E:\COMPRA DE IMAGENS\IMAGENS\Srtm\s17_w058_1arc_v3.tif"</Process></lineage></DataProperties></Esri></metadata>
