<?xml version="1.0" encoding="UTF-8"?>
<metadata xml:lang="en"><Esri><CreaDate>20240602</CreaDate><CreaTime>16441900</CreaTime><ArcGISFormat>1.0</ArcGISFormat><SyncOnce>TRUE</SyncOnce><DataProperties><lineage><Process ToolSource="c:\program files (x86)\arcgis\desktop10.8\ArcToolbox\Toolboxes\3D Analyst Tools.tbx\Contour" Date="20240602" Time="164424">Contour "F:\COMPRA DE IMAGENS\IMAGENS\Srtm\s17_w058_1arc_v3.tif" "F:\COMPRA DE IMAGENS\IMAGENS\Srtm\Srtm_contornos_20_base90.shp" 20 90 1 CONTOUR #</Process></lineage></DataProperties></Esri><contour_type>CONTOUR</contour_type></metadata>
