<?xml version="1.0" encoding="UTF-8"?>
<metadata xml:lang="en"><Esri><CreaDate>20240602</CreaDate><CreaTime>17351000</CreaTime><ArcGISFormat>1.0</ArcGISFormat><SyncOnce>TRUE</SyncOnce><DataProperties><lineage><Process ToolSource="c:\program files (x86)\arcgis\desktop10.8\ArcToolbox\Toolboxes\Spatial Analyst Tools.tbx\Contour" Date="20240602" Time="173514">Contour Aster.tif "F:\COMPRA DE IMAGENS\IMAGENS\Aster\Aster_contornos_20.shp" 20 0 1 CONTOUR #</Process></lineage></DataProperties></Esri><contour_type>CONTOUR</contour_type></metadata>
