<?xml version="1.0" encoding="UTF-8"?>
<metadata xml:lang="en"><Esri><CreaDate>20240430</CreaDate><CreaTime>23223900</CreaTime><ArcGISFormat>1.0</ArcGISFormat><SyncOnce>TRUE</SyncOnce><DataProperties><lineage><Process ToolSource="c:\program files (x86)\arcgis\desktop10.8\ArcToolbox\Toolboxes\Spatial Analyst Tools.tbx\ExtractByMask" Date="20240430" Time="232239">ExtractByMask ASTER-mosaic.tif Recorte_imagens "E:\COMPRA DE IMAGENS\IMAGENS\Aster\Aster.tif"</Process></lineage></DataProperties></Esri></metadata>
