<?xml version="1.0" encoding="UTF-8"?>
<metadata xml:lang="en"><Esri><CreaDate>20240430</CreaDate><CreaTime>01313700</CreaTime><ArcGISFormat>1.0</ArcGISFormat><SyncOnce>TRUE</SyncOnce><DataProperties><lineage><Process ToolSource="c:\program files (x86)\arcgis\desktop10.8\ArcToolbox\Toolboxes\Spatial Analyst Tools.tbx\ExtractByMask" Date="20240430" Time="013137">ExtractByMask Copernicus_DSM_10_S17_00_W058_00_DEM.dt2 Recorte_imagens "E:\COMPRA DE IMAGENS\IMAGENS\Copernicus\Copernicus_DSM_10_S17_00_W058_00_DEM_II.tif"</Process></lineage></DataProperties></Esri></metadata>
