<?xml version="1.0" encoding="UTF-8"?>
<metadata xml:lang="en"><Esri><CreaDate>20240602</CreaDate><CreaTime>17385700</CreaTime><ArcGISFormat>1.0</ArcGISFormat><SyncOnce>TRUE</SyncOnce><DataProperties><lineage><Process ToolSource="c:\program files (x86)\arcgis\desktop10.8\ArcToolbox\Toolboxes\Spatial Analyst Tools.tbx\Contour" Date="20240602" Time="173902">Contour Copernicus_DSM_10_S17_00_W058_00_DEM.tif "F:\COMPRA DE IMAGENS\IMAGENS\Copernicus\Copernicus_contornos_10_base90.shp" 10 90 1 CONTOUR #</Process></lineage></DataProperties></Esri><contour_type>CONTOUR</contour_type></metadata>
